date;nom_officiel_epci;code_officiel_epci;consommation;operateur;centroid
2018-01;Brest;242900314;238191738;GRTgaz;48.399766488,-4.470570034
2018-01;Tours;243700754;307638836;GRTgaz;47.38424743,0.629245819
2018-01;Saint-Etienne ;244200770;461584352;GRTgaz;45.472913756,4.418311566
2018-01;Orléans ;244500468;296039086;GRTgaz;47.89783828,1.9293242830000001
2018-02;Brest;242900314;247226661;GRTgaz;48.399766488,-4.470570034
2018-02;Montpellier;243400017;274728063;GRTgaz;43.615713457,3.863300356
2018-03;Rouen;200023414;904480872;GRTgaz;49.413131944,1.027548527
2018-03;Marseille;200054807;3204656057;GRTgaz;43.493308185,5.344536034
2018-03;Orléans;244500468;277554516;GRTgaz;47.89783828,1.9293242830000001
2018-03;Grand Nancy;245400676;362048708;GRTgaz;48.673467213,6.193510864
2018-04; Lyon;200046977;662167930;GRTgaz;45.763270618,4.853886453
2018-04;Marseille;200054807;1567825924;GRTgaz;43.493308185,5.344536034
2018-04;Rennes;243500139;173126677;GRTgaz;48.108214364,-1.711435099
2018-04;Clermont Auvergne;246300701;129428691;GRTgaz;45.771532407,3.090485542
2018-05;Nice;200030195;75557494;GRTgaz;44.021281136,7.154480276
2018-05; Lyon;200046977;508479168;GRTgaz;45.763270618,4.853886453
2018-05;Marseille;200054807;1153272311;GRTgaz;43.493308185,5.344536034
2018-05;Dijon;242100410;55508171;GRTgaz;47.306577753,5.040958764
2018-05;Tours;243700754;62662357;GRTgaz;47.38424743,0.629245819
2018-05;Orléans;244500468;83840665;GRTgaz;47.89783828,1.9293242830000001
2018-06;Dijon;242100410;30885829;GRTgaz;47.306577753,5.040958764
2018-06;Rennes;243500139;61275358;GRTgaz;48.108214364,-1.711435099
2018-06;Clermont Auvergne;246300701;52830694;GRTgaz;45.771532407,3.090485542
2018-07;Grenoble;200040715;100596194;GRTgaz;45.141957344,5.718258638
2018-07; Lyon;200046977;362035979;GRTgaz;45.763270618,4.853886453
2018-08;Rouen;200023414;401270840;GRTgaz;49.413131944,1.027548527
2018-09;Rennes;243500139;70016205;GRTgaz;48.108214364,-1.711435099
2018-09;Orléans;244500468;63937566;GRTgaz;47.89783828,1.9293242830000001
2018-10;Metz;200039865;113978612;GRTgaz;49.100843858,6.148999731
2018-10;Brest;242900314;79004364;GRTgaz;48.399766488,-4.470570034
2018-10;Nantes;244400404;219125695;GRTgaz;47.224910325,-1.593721407
2018-11;Rennes;243500139;347664443;GRTgaz;48.108214364,-1.711435099
2018-11;Tours;243700754;263280912;GRTgaz;47.38424743,0.629245819
2018-11;Lille;200093201;1143975449;GRTgaz;50.643899239,3.033354341
2018-12; Lyon;200046977;1515529158;GRTgaz;45.763270618,4.853886453
2018-12;Grand Paris;200054781;5924302050;GRTgaz;48.843924589,2.3981689040000003
2018-12;Dijon;242100410;298588347;GRTgaz;47.306577753,5.040958764
2018-12;Rennes;243500139;382614591;GRTgaz;48.108214364,-1.711435099
2018-12;Lille;200093201;1336310102;GRTgaz;50.643899239,3.033354341
2018-12;Euro Strasbourg;246700488;570066278;GRTgaz;48.572480043,7.717683131
2018-12;Toulon;248300543;165806518;GRTgaz;43.120017199,6.040528518
2019-01;Rouen;200023414;1062837378;GRTgaz;49.413131944,1.027548527
2019-01;Grenoble;200040715;549839973;GRTgaz;45.141957344,5.718258638
2019-01;Marseille;200054807;4594417023;GRTgaz;43.493308185,5.344536034
2019-01;Dijon;242100410;360104052;GRTgaz;47.306577753,5.040958764
2019-01;Rennes;243500139;477014126;GRTgaz;48.108214364,-1.711435099
2019-01;Tours;243700754;353246144;GRTgaz;47.38424743,0.629245819
2019-02;Rouen;200023414;868901755;GRTgaz;49.413131944,1.027548527
2019-02;Metz;200039865;257249892;GRTgaz;49.100843858,6.148999731
2019-02; Lyon;200046977;1427703231;GRTgaz;45.763270618,4.853886453
2019-03; Lyon;200046977;1208758313;GRTgaz;45.763270618,4.853886453
2019-03;Grand Paris;200054781;4544834592;GRTgaz;48.843924589,2.3981689040000003
2019-03;Tours;243700754;214255887;GRTgaz;47.38424743,0.629245819
2019-03;Clermont Auvergne;246300701;233181378;GRTgaz;45.771532407,3.090485542
2019-04;Grenoble;200040715;200173448;GRTgaz;45.141957344,5.718258638
2019-04;Dijon;242100410;126443347;GRTgaz;47.306577753,5.040958764
2019-04;Rennes;243500139;207077070;GRTgaz;48.108214364,-1.711435099
2019-05;Grand Paris;200054781;2184038168;GRTgaz;48.843924589,2.3981689040000003
2019-05;Marseille;200054807;2519870364;GRTgaz;43.493308185,5.344536034
2019-06;Grenoble;200040715;134635553;GRTgaz;45.141957344,5.718258638
2019-06;Marseille;200054807;2048200543;GRTgaz;43.493308185,5.344536034
2019-06;Brest;242900314;63985050;GRTgaz;48.399766488,-4.470570034
2019-06;Montpellier;243400017;34488840;GRTgaz;43.615713457,3.863300356
2019-06;Tours;243700754;38501851;GRTgaz;47.38424743,0.629245819
2019-07;Metz;200039865;25238520;GRTgaz;49.100843858,6.148999731
2019-07; Lyon;200046977;375643000;GRTgaz;45.763270618,4.853886453
2019-07;Marseille;200054807;2481027964;GRTgaz;43.493308185,5.344536034
2019-07;Lille;200093201;232365603;GRTgaz;50.643899239,3.033354341
2019-07;Toulon;248300543;23502876;GRTgaz;43.120017199,6.040528518
2019-08;Brest;242900314;53084980;GRTgaz;48.399766488,-4.470570034
2019-08;Montpellier;243400017;29006887;GRTgaz;43.615713457,3.863300356
2019-09;Metz;200039865;43003058;GRTgaz;49.100843858,6.148999731
2019-09;Grand Nancy;245400676;227491055;GRTgaz;48.673467213,6.193510864
2019-10;Rouen;200023414;358600779;GRTgaz;49.413131944,1.027548527
2019-10;Metz;200039865;109315520;GRTgaz;49.100843858,6.148999731
2019-10;Marseille;200054807;2610527634;GRTgaz;43.493308185,5.344536034
2019-10;Saint-Etienne;244200770;193487829;GRTgaz;45.472913756,4.418311566
2019-10;Orléans;244500468;117700826;GRTgaz;47.89783828,1.9293242830000001
2019-10;Euro Strasbourg;246700488;294702645;GRTgaz;48.572480043,7.717683131
2019-11;Dijon;242100410;253643535;GRTgaz;47.306577753,5.040958764
2019-11;Rennes;243500139;348485521;GRTgaz;48.108214364,-1.711435099
2019-11;Orléans;244500468;222949136;GRTgaz;47.89783828,1.9293242830000001
2019-12; Lyon;200046977;1475646304;GRTgaz;45.763270618,4.853886453
2019-12;Rennes;243500139;409071088;GRTgaz;48.108214364,-1.711435099
2019-12;Tours;243700754;289472451;GRTgaz;47.38424743,0.629245819
2019-12;Saint-Etienne;244200770;445669410;GRTgaz;45.472913756,4.418311566
2020-01;Rouen;200023414;989266229;GRTgaz;49.413131944,1.027548527
2020-01;Nice;200030195;287437886;GRTgaz;44.021281136,7.154480276
2020-01;Metz;200039865;309508283;GRTgaz;49.100843858,6.148999731
2020-01;Tours;243700754;303236792;GRTgaz;47.38424743,0.629245819
2020-01;Orléans;244500468;301994778;GRTgaz;47.89783828,1.9293242830000001
2020-01;Grand Nancy;245400676;466462648;GRTgaz;48.673467213,6.193510864
2020-01;Euro Strasbourg;246700488;586462481;GRTgaz;48.572480043,7.717683131
2020-02;Grenoble;200040715;357426512;GRTgaz;45.141957344,5.718258638
2020-02; Lyon;200046977;1274005040;GRTgaz;45.763270618,4.853886453
2020-02;Grand Paris;200054781;4982134502;GRTgaz;48.843924589,2.3981689040000003
2020-02;Saint-Etienne;244200770;394060264;GRTgaz;45.472913756,4.418311566
2020-02;Lille;200093201;1164798491;GRTgaz;50.643899239,3.033354341
2020-03;Tours;243700754;224691796;GRTgaz;47.38424743,0.629245819
2020-03;Nantes;244400404;490178750;GRTgaz;47.224910325,-1.593721407
2020-03;Grand Nancy;245400676;403353383;GRTgaz;48.673467213,6.193510864
2020-03;Lille;200093201;1103660099;GRTgaz;50.643899239,3.033354341
2020-04;Metz;200039865;76311250;GRTgaz;49.100843858,6.148999731
2020-04;Grenoble;200040715;170508211;GRTgaz;45.141957344,5.718258638
2020-04;Marseille;200054807;1711555286;GRTgaz;43.493308185,5.344536034
2020-04;Rennes;243500139;113477071;GRTgaz;48.108214364,-1.711435099
2020-04;Tours;243700754;79653249;GRTgaz;47.38424743,0.629245819
2020-04;Saint-Etienne;244200770;175288802;GRTgaz;45.472913756,4.418311566
2020-04;Grand Nancy;245400676;153023178;GRTgaz;48.673467213,6.193510864
2020-05;Rouen;200023414;498730419;GRTgaz;49.413131944,1.027548527
2020-05;Marseille;200054807;1910653831;GRTgaz;43.493308185,5.344536034
2020-05;Dijon;242100410;58098144;GRTgaz;47.306577753,5.040958764
2020-06;Grenoble;200040715;107523393;GRTgaz;45.141957344,5.718258638
2020-06;Tours;243700754;38059181;GRTgaz;47.38424743,0.629245819
2020-06;Saint-Etienne;244200770;114713339;GRTgaz;45.472913756,4.418311566
2020-06;Nantes;244400404;118259865;GRTgaz;47.224910325,-1.593721407
2020-06;Clermont Auvergne;246300701;56617569;GRTgaz;45.771532407,3.090485542
2020-06;Toulon;248300543;28684523;GRTgaz;43.120017199,6.040528518
2020-07;Nice;200030195;48286432;GRTgaz;44.021281136,7.154480276
2020-07;Grand Paris;200054781;755818810;GRTgaz;48.843924589,2.3981689040000003
2020-07;Marseille;200054807;2662214088;GRTgaz;43.493308185,5.344536034
2020-07;Dijon;242100410;27016448;GRTgaz;47.306577753,5.040958764
2020-07;Brest;242900314;60766513;GRTgaz;48.399766488,-4.470570034
2020-07;Montpellier;243400017;29533979;GRTgaz;43.615713457,3.863300356
2020-08;Grand Paris;200054781;612426879;GRTgaz;48.843924589,2.3981689040000003
2020-08;Brest;242900314;49402176;GRTgaz;48.399766488,-4.470570034
2020-08;Rennes;243500139;48753376;GRTgaz;48.108214364,-1.711435099
2020-08;Lille;200093201;190400105;GRTgaz;50.643899239,3.033354341
2020-08;Clermont Auvergne;246300701;39935291;GRTgaz;45.771532407,3.090485542
2020-08;Euro Strasbourg;246700488;106501552;GRTgaz;48.572480043,7.717683131
2020-09;Metz;200039865;47463990;GRTgaz;49.100843858,6.148999731
2020-09;Nantes;244400404;125231431;GRTgaz;47.224910325,-1.593721407
2020-09;Orléans;244500468;72730024;GRTgaz;47.89783828,1.9293242830000001
2020-09;Grand Nancy;245400676;132263991;GRTgaz;48.673467213,6.193510864
2020-09;Toulon;248300543;28342282;GRTgaz;43.120017199,6.040528518
2020-10;Grenoble;200040715;243747995;GRTgaz;45.141957344,5.718258638
2020-10;Tours;243700754;128297652;GRTgaz;47.38424743,0.629245819
2020-11;Rouen;200023414;785538223;GRTgaz;49.413131944,1.027548527
2020-11;Grand Paris;200054781;4251767116;GRTgaz;48.843924589,2.3981689040000003
2020-11;Brest;242900314;159906270;GRTgaz;48.399766488,-4.470570034
2020-11;Tours;243700754;200186555;GRTgaz;47.38424743,0.629245819
2020-11;Saint-Etienne;244200770;365726277;GRTgaz;45.472913756,4.418311566
2020-11;Grand Nancy;245400676;330610707;GRTgaz;48.673467213,6.193510864
2020-12;Marseille;200054807;3784616322;GRTgaz;43.493308185,5.344536034
2020-12;Saint-Etienne;244200770;481814153;GRTgaz;45.472913756,4.418311566
2021-01;Grand Paris;200054781;7124860081;GRTgaz;48.843924589,2.3981689040000003
2021-01;Marseille;200054807;4144585348;GRTgaz;43.493308185,5.344536034
2021-01;Dijon;242100410;335161057;GRTgaz;47.306577753,5.040958764
2021-01;Grand Nancy;245400676;536621824;GRTgaz;48.673467213,6.193510864
2021-03;Marseille;200054807;3343942331;GRTgaz;43.493308185,5.344536034
2021-03;Dijon;242100410;239815347;GRTgaz;47.306577753,5.040958764
2021-03;Brest;242900314;225785156;GRTgaz;48.399766488,-4.470570034
2021-03;Tours;243700754;218788037;GRTgaz;47.38424743,0.629245819
2021-03;Grand Nancy;245400676;393402098;GRTgaz;48.673467213,6.193510864
2021-03;Euro Strasbourg;246700488;478412116;GRTgaz;48.572480043,7.717683131
2021-04;Rouen;200023414;409247231;GRTgaz;49.413131944,1.027548527
2021-04;Metz;200039865;159450776;GRTgaz;49.100843858,6.148999731
2021-04; Lyon;200046977;865929955;GRTgaz;45.763270618,4.853886453
2021-04;Marseille;200054807;2870285508;GRTgaz;43.493308185,5.344536034
2021-04;Nantes;244400404;292681089;GRTgaz;47.224910325,-1.593721407
2021-04;Clermont Auvergne;246300701;179015225;GRTgaz;45.771532407,3.090485542
2021-05;Metz;200039865;103740368;GRTgaz;49.100843858,6.148999731
2021-05;Grenoble;200040715;181690298;GRTgaz;45.141957344,5.718258638
2021-05; Lyon;200046977;659235896;GRTgaz;45.763270618,4.853886453
2021-05;Montpellier;243400017;62347071;GRTgaz;43.615713457,3.863300356
2021-06;Rouen;200023414;189790044;GRTgaz;49.413131944,1.027548527
2021-06;Nice;200030195;49603424;GRTgaz;44.021281136,7.154480276
2021-06;Metz;200039865;27962421;GRTgaz;49.100843858,6.148999731
2021-06;Rennes;243500139;63696538;GRTgaz;48.108214364,-1.711435099
2021-06;Orléans;244500468;59145483;GRTgaz;47.89783828,1.9293242830000001
2021-07;Rouen;200023414;147382434;GRTgaz;49.413131944,1.027548527
2021-07;Marseille;200054807;1546801240;GRTgaz;43.493308185,5.344536034
2021-07;Brest;242900314;55839491;GRTgaz;48.399766488,-4.470570034
2021-07;Lille;200093201;220198656;GRTgaz;50.643899239,3.033354341
2021-07;Euro Strasbourg;246700488;125554323;GRTgaz;48.572480043,7.717683131
2021-08;Grand Paris;200054781;683761666;GRTgaz;48.843924589,2.3981689040000003
2021-08;Orléans;244500468;58108280;GRTgaz;47.89783828,1.9293242830000001
2021-08;Lille;200093201;207736339;GRTgaz;50.643899239,3.033354341
2021-08;Toulon;248300543;23516509;GRTgaz;43.120017199,6.040528518
2021-09;Tours;243700754;36738001;GRTgaz;47.38424743,0.629245819
2021-09;Orléans;244500468;64181606;GRTgaz;47.89783828,1.9293242830000001
2021-09;Grand Nancy;245400676;53606409;GRTgaz;48.673467213,6.193510864
2021-10;Rouen;200023414;290788186;GRTgaz;49.413131944,1.027548527
2021-10;Nice;200030195;81131056;GRTgaz;44.021281136,7.154480276
2021-10;Toulon;248300543;45090834;GRTgaz;43.120017199,6.040528518
2021-11;Brest;242900314;160308835;GRTgaz;48.399766488,-4.470570034
2021-11;Rennes;243500139;344801593;GRTgaz;48.108214364,-1.711435099
2021-11;Toulon;248300543;123824387;GRTgaz;43.120017199,6.040528518
2021-12; Lyon;200046977;1552370611;GRTgaz;45.763270618,4.853886453
2021-12;Brest;242900314;249206179;GRTgaz;48.399766488,-4.470570034
2021-12;Montpellier;243400017;237854174;GRTgaz;43.615713457,3.863300356
2021-12;Clermont Auvergne;246300701;339403290;GRTgaz;45.771532407,3.090485542
2022-01;Nice;200030195;301211237;GRTgaz;44.021281136,7.154480276
2022-01;Metz;200039865;337489436;GRTgaz;49.100843858,6.148999731
2022-01;Grand Paris;200054781;6741165832;GRTgaz;48.843924589,2.3981689040000003
2022-01;Dijon;242100410;338478238;GRTgaz;47.306577753,5.040958764
2022-01;Montpellier;243400017;264943461;GRTgaz;43.615713457,3.863300356
2022-01;Lille;200093201;1352714352;GRTgaz;50.643899239,3.033354341
2022-01;Toulon;248300543;195866246;GRTgaz;43.120017199,6.040528518
2022-02;Nice;200030195;232524482;GRTgaz;44.021281136,7.154480276
2022-02;Saint-Etienne;244200770;413702178;GRTgaz;45.472913756,4.418311566
2022-02;Grand Nancy;245400676;374504966;GRTgaz;48.673467213,6.193510864
2022-02;Toulon;248300543;139497287;GRTgaz;43.120017199,6.040528518
2019-07;Bordeaux;243300316;110158795;Terega;44.877773862,-0.6387755780000001
2018-02;Bordeaux;243300316;807368246;Terega;44.877773862,-0.6387755780000001
2018-02;Toulouse;243100518;676103139;Terega;43.627388307,1.413319261
2021-01;Toulouse;243100518;725909847;Terega;43.627388307,1.413319261
2021-04;Bordeaux;243300316;299962107;Terega;44.877773862,-0.6387755780000001
2021-06;Bordeaux;243300316;115430927;Terega;44.877773862,-0.6387755780000001
2020-01;Toulouse;243100518;594181548;Terega;43.627388307,1.413319261
2020-01;Bordeaux;243300316;727904225;Terega;44.877773862,-0.6387755780000001
2020-07;Bordeaux;243300316;132216379;Terega;44.877773862,-0.6387755780000001
2020-11;Toulouse;243100518;352085961;Terega;43.627388307,1.413319261
2021-03;Bordeaux;243300316;508841715;Terega;44.877773862,-0.6387755780000001
2020-04;Toulouse;243100518;191126288;Terega;43.627388307,1.413319261
2020-08;Bordeaux;243300316;96795162;Terega;44.877773862,-0.6387755780000001
2021-03;Toulouse;243100518;429872832;Terega;43.627388307,1.413319261
2018-11;Toulouse;243100518;431613132;Terega;43.627388307,1.413319261
2020-10;Toulouse;243100518;287324890;Terega;43.627388307,1.413319261
2018-09;Bordeaux;243300316;116627095;Terega;44.877773862,-0.6387755780000001
2020-02;Rouen;200023414;833045803;GRTgaz;49.413131944,1.027548527
2020-02;Nantes;244400404;522828599;GRTgaz;47.224910325,-1.593721407
2020-02;Clermont Auvergne;246300701;240897352;GRTgaz;45.771532407,3.090485542
2020-03;Rouen;200023414;687662927;GRTgaz;49.413131944,1.027548527
2020-03; Lyon;200046977;1050854699;GRTgaz;45.763270618,4.853886453
2020-03;Clermont Auvergne;246300701;235411290;GRTgaz;45.771532407,3.090485542
2020-04;Nice;200030195;135636582;GRTgaz;44.021281136,7.154480276
2020-04; Lyon;200046977;539505376;GRTgaz;45.763270618,4.853886453
2020-04;Grand Paris;200054781;1870211114;GRTgaz;48.843924589,2.3981689040000003
2020-04;Montpellier;243400017;85302218;GRTgaz;43.615713457,3.863300356
2020-05;Metz;200039865;60871140;GRTgaz;49.100843858,6.148999731
2020-05; Lyon;200046977;420344490;GRTgaz;45.763270618,4.853886453
2020-05;Grand Paris;200054781;1474919019;GRTgaz;48.843924589,2.3981689040000003
2020-05;Rennes;243500139;81079745;GRTgaz;48.108214364,-1.711435099
2020-05;Saint-Etienne;244200770;142292865;GRTgaz;45.472913756,4.418311566
2020-05;Clermont Auvergne;246300701;77368280;GRTgaz;45.771532407,3.090485542
2020-06;Rouen;200023414;479164709;GRTgaz;49.413131944,1.027548527
2020-06;Metz;200039865;34474608;GRTgaz;49.100843858,6.148999731
2020-06;Marseille;200054807;2502061058;GRTgaz;43.493308185,5.344536034
2020-06;Grand Nancy;245400676;93951353;GRTgaz;48.673467213,6.193510864
2020-06;Euro Strasbourg;246700488;138422340;GRTgaz;48.572480043,7.717683131
2020-07;Nantes;244400404;105568164;GRTgaz;47.224910325,-1.593721407
2020-07;Toulon;248300543;25111471;GRTgaz;43.120017199,6.040528518
2020-08;Metz;200039865;22363428;GRTgaz;49.100843858,6.148999731
2020-08; Lyon;200046977;332981356;GRTgaz;45.763270618,4.853886453
2020-08;Saint-Etienne;244200770;66177208;GRTgaz;45.472913756,4.418311566
2020-09;Rouen;200023414;264623186;GRTgaz;49.413131944,1.027548527
2020-09;Marseille;200054807;2298885252;GRTgaz;43.493308185,5.344536034
2020-09;Montpellier;243400017;37512808;GRTgaz;43.615713457,3.863300356
2020-09;Tours;243700754;40252688;GRTgaz;47.38424743,0.629245819
2020-09;Clermont Auvergne;246300701;61662540;GRTgaz;45.771532407,3.090485542
2020-10;Nice;200030195;118283188;GRTgaz;44.021281136,7.154480276
2020-10; Lyon;200046977;868072329;GRTgaz;45.763270618,4.853886453
2020-10;Nantes;244400404;265049580;GRTgaz;47.224910325,-1.593721407
2020-10;Grand Nancy;245400676;249995987;GRTgaz;48.673467213,6.193510864
2020-10;Euro Strasbourg;246700488;318304746;GRTgaz;48.572480043,7.717683131
2020-11;Metz;200039865;214158793;GRTgaz;49.100843858,6.148999731
2020-11;Grenoble;200040715;340037157;GRTgaz;45.141957344,5.718258638
2020-11; Lyon;200046977;1182874764;GRTgaz;45.763270618,4.853886453
2020-11;Nantes;244400404;436349299;GRTgaz;47.224910325,-1.593721407
2020-12;Grand Paris;200054781;6065329910;GRTgaz;48.843924589,2.3981689040000003
2020-12;Rennes;243500139;406868030;GRTgaz;48.108214364,-1.711435099
2020-12;Tours;243700754;265293740;GRTgaz;47.38424743,0.629245819
2021-01;Nice;200030195;336058556;GRTgaz;44.021281136,7.154480276
2021-01;Metz;200039865;372569853;GRTgaz;49.100843858,6.148999731
2021-01;Orléans;244500468;344363954;GRTgaz;47.89783828,1.9293242830000001
2021-01;Clermont Auvergne;246300701;375108973;GRTgaz;45.771532407,3.090485542
2021-02;Nice;200030195;233899810;GRTgaz;44.021281136,7.154480276
2021-02;Metz;200039865;268117090;GRTgaz;49.100843858,6.148999731
2021-02;Montpellier;243400017;187693617;GRTgaz;43.615713457,3.863300356
2021-02;Tours;243700754;257517673;GRTgaz;47.38424743,0.629245819
2021-02;Lille;200093201;1223351647;GRTgaz;50.643899239,3.033354341
2021-02;Toulon;248300543;141919907;GRTgaz;43.120017199,6.040528518
2021-03;Grenoble;200040715;339325921;GRTgaz;45.141957344,5.718258638
2021-03; Lyon;200046977;1252758199;GRTgaz;45.763270618,4.853886453
2021-03;Grand Paris;200054781;5085806773;GRTgaz;48.843924589,2.3981689040000003
2021-03;Montpellier;243400017;172608378;GRTgaz;43.615713457,3.863300356
2021-03;Saint-Etienne;244200770;427083873;GRTgaz;45.472913756,4.418311566
2021-04;Nice;200030195;172462926;GRTgaz;44.021281136,7.154480276
2021-04;Grenoble;200040715;227470333;GRTgaz;45.141957344,5.718258638
2021-04;Grand Paris;200054781;3728581294;GRTgaz;48.843924589,2.3981689040000003
2021-04;Brest;242900314;122261806;GRTgaz;48.399766488,-4.470570034
2021-04;Montpellier;243400017;115060256;GRTgaz;43.615713457,3.863300356
2021-04;Euro Strasbourg;246700488;340409932;GRTgaz;48.572480043,7.717683131
2021-05;Nice;200030195;82282787;GRTgaz;44.021281136,7.154480276
2021-05;Dijon;242100410;109037386;GRTgaz;47.306577753,5.040958764
2021-05;Clermont Auvergne;246300701;122987880;GRTgaz;45.771532407,3.090485542
2021-06;Grand Paris;200054781;823500408;GRTgaz;48.843924589,2.3981689040000003
2021-06;Brest;242900314;62528974;GRTgaz;48.399766488,-4.470570034
2021-06;Nantes;244400404;116182043;GRTgaz;47.224910325,-1.593721407
2021-06;Grand Nancy;245400676;50286989;GRTgaz;48.673467213,6.193510864
2021-07;Nice;200030195;45800237;GRTgaz;44.021281136,7.154480276
2021-07;Dijon;242100410;28159202;GRTgaz;47.306577753,5.040958764
2021-07;Toulon;248300543;25665306;GRTgaz;43.120017199,6.040528518
2021-08;Rouen;200023414;119267397;GRTgaz;49.413131944,1.027548527
2021-08;Nice;200030195;42760393;GRTgaz;44.021281136,7.154480276
2021-08;Grenoble;200040715;113394792;GRTgaz;45.141957344,5.718258638
2021-08; Lyon;200046977;337937250;GRTgaz;45.763270618,4.853886453
2021-08;Marseille;200054807;1245179473;GRTgaz;43.493308185,5.344536034
2021-08;Tours;243700754;27285418;GRTgaz;47.38424743,0.629245819
2021-08;Saint-Etienne;244200770;75876505;GRTgaz;45.472913756,4.418311566
2021-09;Rouen;200023414;126005091;GRTgaz;49.413131944,1.027548527
2021-09;Nice;200030195;47977153;GRTgaz;44.021281136,7.154480276
2021-09;Grenoble;200040715;138275054;GRTgaz;45.141957344,5.718258638
2021-09;Dijon;242100410;35251320;GRTgaz;47.306577753,5.040958764
2021-09;Saint-Etienne;244200770;120107659;GRTgaz;45.472913756,4.418311566
2021-09;Lille;200093201;245176750;GRTgaz;50.643899239,3.033354341
2021-09;Clermont Auvergne;246300701;53311002;GRTgaz;45.771532407,3.090485542
2021-09;Euro Strasbourg;246700488;141174086;GRTgaz;48.572480043,7.717683131
2021-09;Toulon;248300543;26322572;GRTgaz;43.120017199,6.040528518
2021-10; Lyon;200046977;782410951;GRTgaz;45.763270618,4.853886453
2021-11;Grand Paris;200054781;5491747498;GRTgaz;48.843924589,2.3981689040000003
2021-11;Marseille;200054807;3222965668;GRTgaz;43.493308185,5.344536034
2021-11;Dijon;242100410;259721916;GRTgaz;47.306577753,5.040958764
2021-11;Saint-Etienne;244200770;437539200;GRTgaz;45.472913756,4.418311566
2021-11;Nantes;244400404;540143286;GRTgaz;47.224910325,-1.593721407
2021-11;Orléans;244500468;252550126;GRTgaz;47.89783828,1.9293242830000001
2021-11;Grand Nancy;245400676;343211520;GRTgaz;48.673467213,6.193510864
2021-11;Clermont Auvergne;246300701;275890689;GRTgaz;45.771532407,3.090485542
2021-11;Euro Strasbourg;246700488;546061546;GRTgaz;48.572480043,7.717683131
2021-12;Grenoble;200040715;481210918;GRTgaz;45.141957344,5.718258638
2021-12;Marseille;200054807;3304210280;GRTgaz;43.493308185,5.344536034
2021-12;Grand Nancy;245400676;401579040;GRTgaz;48.673467213,6.193510864
2022-01;Grenoble;200040715;493557400;GRTgaz;45.141957344,5.718258638
2022-01;Brest;242900314;248739431;GRTgaz;48.399766488,-4.470570034
2022-01;Saint-Etienne;244200770;562802562;GRTgaz;45.472913756,4.418311566
2022-01;Clermont Auvergne;246300701;367011760;GRTgaz;45.771532407,3.090485542
2022-02;Grenoble;200040715;340569380;GRTgaz;45.141957344,5.718258638
2022-02;Dijon;242100410;242305344;GRTgaz;47.306577753,5.040958764
2022-02;Brest;242900314;209499820;GRTgaz;48.399766488,-4.470570034
2022-02;Euro Strasbourg;246700488;483307089;GRTgaz;48.572480043,7.717683131
2019-11;Toulouse;243100518;480211811;Terega;43.627388307,1.413319261
2019-07;Toulouse;243100518;79085678;Terega;43.627388307,1.413319261
2018-01;Bordeaux;243300316;688655095;Terega;44.877773862,-0.6387755780000001
2020-12;Bordeaux;243300316;678928886;Terega;44.877773862,-0.6387755780000001
2019-01;Toulouse;243100518;769117578;Terega;43.627388307,1.413319261
2021-04;Toulouse;243100518;292608303;Terega;43.627388307,1.413319261
2020-10;Bordeaux;243300316;332122521;Terega;44.877773862,-0.6387755780000001
2019-12;Toulouse;243100518;520353284;Terega;43.627388307,1.413319261
2019-05;Bordeaux;243300316;236411556;Terega;44.877773862,-0.6387755780000001
2020-06;Toulouse;243100518;98298906;Terega;43.627388307,1.413319261
2020-12;Toulouse;243100518;592688401;Terega;43.627388307,1.413319261
2021-05;Bordeaux;243300316;231185360;Terega;44.877773862,-0.6387755780000001
2021-08;Toulouse;243100518;60460170;Terega;43.627388307,1.413319261
2018-07;Bordeaux;243300316;109548830;Terega;44.877773862,-0.6387755780000001
2019-02;Bordeaux;243300316;582251192;Terega;44.877773862,-0.6387755780000001
2018-05;Bordeaux;243300316;204500493;Terega;44.877773862,-0.6387755780000001
2018-07;Toulouse;243100518;79954443;Terega;43.627388307,1.413319261
2021-05;Toulouse;243100518;194678621;Terega;43.627388307,1.413319261
2020-05;Toulouse;243100518;118239953;Terega;43.627388307,1.413319261
2019-11;Bordeaux;243300316;597348657;Terega;44.877773862,-0.6387755780000001
2018-01;Rouen;200023414;898197642;GRTgaz;49.413131944,1.027548527
2018-01;Nice;200030195;275990633;GRTgaz;44.021281136,7.154480276
2018-01;Metz;200039865;275293811;GRTgaz;49.100843858,6.148999731
2018-01;Grand Paris;200054781;5832562716;GRTgaz;48.843924589,2.3981689040000003
2018-01;Dijon;242100410;292087406;GRTgaz;47.306577753,5.040958764
2018-01;Rennes;243500139;391230878;GRTgaz;48.108214364,-1.711435099
2018-02;Metz;200039865;365095904;GRTgaz;49.100843858,6.148999731
2018-02;Grand Paris;200054781;7243783721;GRTgaz;48.843924589,2.3981689040000003
2018-02;Marseille;200054807;3889322587;GRTgaz;43.493308185,5.344536034
2018-02;Dijon;242100410;341383392;GRTgaz;47.306577753,5.040958764
2018-02;Rennes;243500139;459957848;GRTgaz;48.108214364,-1.711435099
2018-02;Saint-Etienne;244200770;567560429;GRTgaz;45.472913756,4.418311566
2018-02;Clermont Auvergne;246300701;374153128;GRTgaz;45.771532407,3.090485542
2018-03;Brest;242900314;256908883;GRTgaz;48.399766488,-4.470570034
2018-03;Montpellier;243400017;212066458;GRTgaz;43.615713457,3.863300356
2018-03;Rennes;243500139;399275845;GRTgaz;48.108214364,-1.711435099
2018-03;Tours;243700754;282062004;GRTgaz;47.38424743,0.629245819
2018-03;Lille;200093201;1341732509;GRTgaz;50.643899239,3.033354341
2018-03;Euro Strasbourg;246700488;547800043;GRTgaz;48.572480043,7.717683131
2018-03;Toulon;248300543;166603843;GRTgaz;43.120017199,6.040528518
2018-04;Grand Paris;200054781;2336473922;GRTgaz;48.843924589,2.3981689040000003
2018-04;Montpellier;243400017;102498110;GRTgaz;43.615713457,3.863300356
2018-04;Nantes;244400404;249260755;GRTgaz;47.224910325,-1.593721407
2018-05;Brest;242900314;82013629;GRTgaz;48.399766488,-4.470570034
2018-05;Saint-Etienne;244200770;175323853;GRTgaz;45.472913756,4.418311566
2018-06;Nice;200030195;54731655;GRTgaz;44.021281136,7.154480276
2018-06;Metz;200039865;29759317;GRTgaz;49.100843858,6.148999731
2018-06;Grenoble;200040715;116847781;GRTgaz;45.141957344,5.718258638
2018-06;Brest;242900314;61009959;GRTgaz;48.399766488,-4.470570034
2018-07;Marseille;200054807;1452320115;GRTgaz;43.493308185,5.344536034
2018-07;Rennes;243500139;50170707;GRTgaz;48.108214364,-1.711435099
2018-07;Saint-Etienne;244200770;109411555;GRTgaz;45.472913756,4.418311566
2018-07;Nantes;244400404;86730011;GRTgaz;47.224910325,-1.593721407
2018-08;Brest;242900314;53916880;GRTgaz;48.399766488,-4.470570034
2018-08;Nantes;244400404;86651033;GRTgaz;47.224910325,-1.593721407
2018-08;Grand Nancy;245400676;43748524;GRTgaz;48.673467213,6.193510864
2018-08;Lille;200093201;220508488;GRTgaz;50.643899239,3.033354341
2018-09;Metz;200039865;41431026;GRTgaz;49.100843858,6.148999731
2018-09;Marseille;200054807;1673014436;GRTgaz;43.493308185,5.344536034
2018-09;Dijon;242100410;32209178;GRTgaz;47.306577753,5.040958764
2018-09;Saint-Etienne;244200770;113715360;GRTgaz;45.472913756,4.418311566
2018-09;Grand Nancy;245400676;112675443;GRTgaz;48.673467213,6.193510864
2018-09;Euro Strasbourg;246700488;162940010;GRTgaz;48.572480043,7.717683131
2018-10; Lyon;200046977;685361829;GRTgaz;45.763270618,4.853886453
2018-10;Montpellier;243400017;64196784;GRTgaz;43.615713457,3.863300356
2018-10;Rennes;243500139;161509037;GRTgaz;48.108214364,-1.711435099
2018-10;Saint-Etienne;244200770;236029335;GRTgaz;45.472913756,4.418311566
2018-11;Marseille;200054807;3628267535;GRTgaz;43.493308185,5.344536034
2018-11;Saint-Etienne;244200770;393375700;GRTgaz;45.472913756,4.418311566
2018-11;Nantes;244400404;493524573;GRTgaz;47.224910325,-1.593721407
2018-11;Clermont Auvergne;246300701;266048655;GRTgaz;45.771532407,3.090485542
2018-12;Nice;200030195;273619330;GRTgaz;44.021281136,7.154480276
2018-12;Metz;200039865;288679695;GRTgaz;49.100843858,6.148999731
2018-12;Grenoble;200040715;389761916;GRTgaz;45.141957344,5.718258638
2018-12;Montpellier;243400017;226898787;GRTgaz;43.615713457,3.863300356
2018-12;Saint-Etienne;244200770;473954886;GRTgaz;45.472913756,4.418311566
2018-12;Nantes;244400404;566661770;GRTgaz;47.224910325,-1.593721407
2018-12;Grand Nancy;245400676;477491926;GRTgaz;48.673467213,6.193510864
2019-01;Metz;200039865;371969479;GRTgaz;49.100843858,6.148999731
2019-01; Lyon;200046977;1888510684;GRTgaz;45.763270618,4.853886453
2019-01;Saint-Etienne;244200770;612652893;GRTgaz;45.472913756,4.418311566
2019-01;Euro Strasbourg;246700488;695991229;GRTgaz;48.572480043,7.717683131
2019-02;Montpellier;243400017;205097841;GRTgaz;43.615713457,3.863300356
2019-02;Tours;243700754;257706174;GRTgaz;47.38424743,0.629245819
2019-02;Nantes;244400404;525344527;GRTgaz;47.224910325,-1.593721407
2019-02;Grand Nancy;245400676;408071773;GRTgaz;48.673467213,6.193510864
2019-02;Euro Strasbourg;246700488;515927129;GRTgaz;48.572480043,7.717683131
2019-03;Nice;200030195;212881103;GRTgaz;44.021281136,7.154480276
2019-03;Nantes;244400404;485830695;GRTgaz;47.224910325,-1.593721407
2019-03;Toulon;248300543;125613287;GRTgaz;43.120017199,6.040528518
2019-04;Metz;200039865;134314259;GRTgaz;49.100843858,6.148999731
2019-04;Brest;242900314;116451524;GRTgaz;48.399766488,-4.470570034
2019-04;Montpellier;243400017;114478702;GRTgaz;43.615713457,3.863300356
2019-04;Nantes;244400404;274130259;GRTgaz;47.224910325,-1.593721407
2019-04;Grand Nancy;245400676;200446398;GRTgaz;48.673467213,6.193510864
2019-04;Lille;200093201;702438421;GRTgaz;50.643899239,3.033354341
2019-04;Clermont Auvergne;246300701;166778208;GRTgaz;45.771532407,3.090485542
2019-04;Euro Strasbourg;246700488;317215574;GRTgaz;48.572480043,7.717683131
2019-04;Toulon;248300543;95867308;GRTgaz;43.120017199,6.040528518
2019-05;Montpellier;243400017;61536109;GRTgaz;43.615713457,3.863300356
2019-05;Rennes;243500139;130559741;GRTgaz;48.108214364,-1.711435099
2019-05;Saint-Etienne;244200770;227870578;GRTgaz;45.472913756,4.418311566
2019-05;Orléans;244500468;112497696;GRTgaz;47.89783828,1.9293242830000001
2019-05;Grand Nancy;245400676;129749250;GRTgaz;48.673467213,6.193510864
2019-05;Euro Strasbourg;246700488;254128698;GRTgaz;48.572480043,7.717683131
2019-06;Orléans;244500468;61883013;GRTgaz;47.89783828,1.9293242830000001
2019-06;Euro Strasbourg;246700488;133724257;GRTgaz;48.572480043,7.717683131
2019-07;Nice;200030195;49564103;GRTgaz;44.021281136,7.154480276
2019-07;Dijon;242100410;25727727;GRTgaz;47.306577753,5.040958764
2019-07;Brest;242900314;49001743;GRTgaz;48.399766488,-4.470570034
2019-07;Nantes;244400404;90086082;GRTgaz;47.224910325,-1.593721407
2019-07;Orléans;244500468;55150961;GRTgaz;47.89783828,1.9293242830000001
2019-07;Clermont Auvergne;246300701;44959226;GRTgaz;45.771532407,3.090485542
2019-08;Rouen;200023414;357087797;GRTgaz;49.413131944,1.027548527
2019-08;Saint-Etienne;244200770;69879296;GRTgaz;45.472913756,4.418311566
2019-08;Toulon;248300543;21080038;GRTgaz;43.120017199,6.040528518
2019-09;Rouen;200023414;437136229;GRTgaz;49.413131944,1.027548527
2019-09;Marseille;200054807;2404668790;GRTgaz;43.493308185,5.344536034
2019-09;Dijon;242100410;33266388;GRTgaz;47.306577753,5.040958764
2019-09;Tours;243700754;37046106;GRTgaz;47.38424743,0.629245819
2019-09;Orléans;244500468;60475977;GRTgaz;47.89783828,1.9293242830000001
2019-09;Lille;200093201;283880694;GRTgaz;50.643899239,3.033354341
2019-10;Nice;200030195;70228988;GRTgaz;44.021281136,7.154480276
2019-10; Lyon;200046977;647910822;GRTgaz;45.763270618,4.853886453
2019-10;Nantes;244400404;207563342;GRTgaz;47.224910325,-1.593721407
2019-11;Metz;200039865;249718325;GRTgaz;49.100843858,6.148999731
2019-11;Grenoble;200040715;358929735;GRTgaz;45.141957344,5.718258638
2019-11;Grand Paris;200054781;5124473399;GRTgaz;48.843924589,2.3981689040000003
2019-11;Brest;242900314;187975163;GRTgaz;48.399766488,-4.470570034
2019-11;Nantes;244400404;496115937;GRTgaz;47.224910325,-1.593721407
2019-11;Euro Strasbourg;246700488;499291794;GRTgaz;48.572480043,7.717683131
2019-12;Rouen;200023414;884281445;GRTgaz;49.413131944,1.027548527
2019-12;Grenoble;200040715;385321957;GRTgaz;45.141957344,5.718258638
2019-12;Montpellier;243400017;208189874;GRTgaz;43.615713457,3.863300356
2019-12;Orléans;244500468;272334818;GRTgaz;47.89783828,1.9293242830000001
2019-12;Lille;200093201;1322134730;GRTgaz;50.643899239,3.033354341
2020-01;Grand Paris;200054781;6173714123;GRTgaz;48.843924589,2.3981689040000003
2020-01;Montpellier;243400017;246255625;GRTgaz;43.615713457,3.863300356
2020-01;Rennes;243500139;415213838;GRTgaz;48.108214364,-1.711435099
2020-01;Toulon;248300543;182570774;GRTgaz;43.120017199,6.040528518
2018-01;Montpellier;243400017;217055980;GRTgaz;43.615713457,3.863300356
2018-01;Lille;200093201;1384537998;GRTgaz;50.643899239,3.033354341
2018-02;Rouen;200023414;994696391;GRTgaz;49.413131944,1.027548527
2018-02;Grenoble;200040715;467493979;GRTgaz;45.141957344,5.718258638
2018-02; Lyon;200046977;1702257882;GRTgaz;45.763270618,4.853886453
2018-02;Nantes;244400404;679652692;GRTgaz;47.224910325,-1.593721407
2018-02;Lille;200093201;1612895759;GRTgaz;50.643899239,3.033354341
2018-02;Euro Strasbourg;246700488;641029452;GRTgaz;48.572480043,7.717683131
2018-02;Toulon;248300543;204450538;GRTgaz;43.120017199,6.040528518
2018-03;Nice;200030195;278957315;GRTgaz;44.021281136,7.154480276
2018-03;Grenoble;200040715;352932416;GRTgaz;45.141957344,5.718258638
2018-03; Lyon;200046977;1354017549;GRTgaz;45.763270618,4.853886453
2018-03;Grand Paris;200054781;5905300391;GRTgaz;48.843924589,2.3981689040000003
2018-03;Dijon;242100410;295745021;GRTgaz;47.306577753,5.040958764
2018-04;Rouen;200023414;573251976;GRTgaz;49.413131944,1.027548527
2018-04;Metz;200039865;94826600;GRTgaz;49.100843858,6.148999731
2018-04;Grenoble;200040715;165903284;GRTgaz;45.141957344,5.718258638
2018-04;Tours;243700754;116528238;GRTgaz;47.38424743,0.629245819
2018-04;Saint-Etienne;244200770;207754504;GRTgaz;45.472913756,4.418311566
2018-04;Grand Nancy;245400676;142304865;GRTgaz;48.673467213,6.193510864
2018-05;Metz;200039865;47801185;GRTgaz;49.100843858,6.148999731
2018-05;Grenoble;200040715;131717479;GRTgaz;45.141957344,5.718258638
2018-05;Rennes;243500139;100301078;GRTgaz;48.108214364,-1.711435099
2018-05;Grand Nancy;245400676;80840821;GRTgaz;48.673467213,6.193510864
2018-05;Lille;200093201;366753809;GRTgaz;50.643899239,3.033354341
2018-05;Euro Strasbourg;246700488;166892423;GRTgaz;48.572480043,7.717683131
2018-06; Lyon;200046977;405629321;GRTgaz;45.763270618,4.853886453
2018-06;Tours;243700754;37396285;GRTgaz;47.38424743,0.629245819
2018-06;Nantes;244400404;103977615;GRTgaz;47.224910325,-1.593721407
2018-07;Metz;200039865;24269477;GRTgaz;49.100843858,6.148999731
2018-07;Montpellier;243400017;31303506;GRTgaz;43.615713457,3.863300356
2018-07;Tours;243700754;32508093;GRTgaz;47.38424743,0.629245819
2018-07;Toulon;248300543;25367623;GRTgaz;43.120017199,6.040528518
2018-08;Nice;200030195;45363586;GRTgaz;44.021281136,7.154480276
2018-08;Metz;200039865;26402147;GRTgaz;49.100843858,6.148999731
2018-08;Montpellier;243400017;30306733;GRTgaz;43.615713457,3.863300356
2018-08;Tours;243700754;27248465;GRTgaz;47.38424743,0.629245819
2018-08;Clermont Auvergne;246300701;40379678;GRTgaz;45.771532407,3.090485542
2018-08;Euro Strasbourg;246700488;124370265;GRTgaz;48.572480043,7.717683131
2018-09;Nice;200030195;51132835;GRTgaz;44.021281136,7.154480276
2018-09;Grenoble;200040715;112153460;GRTgaz;45.141957344,5.718258638
2018-09;Brest;242900314;61256312;GRTgaz;48.399766488,-4.470570034
2018-09;Montpellier;243400017;39208817;GRTgaz;43.615713457,3.863300356
2018-09;Nantes;244400404;108965959;GRTgaz;47.224910325,-1.593721407
2018-09;Clermont Auvergne;246300701;60899876;GRTgaz;45.771532407,3.090485542
2018-10;Nice;200030195;75345060;GRTgaz;44.021281136,7.154480276
2018-10;Grenoble;200040715;191833328;GRTgaz;45.141957344,5.718258638
2018-10;Grand Paris;200054781;2301712263;GRTgaz;48.843924589,2.3981689040000003
2018-10;Orléans;244500468;115103538;GRTgaz;47.89783828,1.9293242830000001
2018-10;Grand Nancy;245400676;255530149;GRTgaz;48.673467213,6.193510864
2018-10;Toulon;248300543;44792706;GRTgaz;43.120017199,6.040528518
2018-11;Rouen;200023414;896445474;GRTgaz;49.413131944,1.027548527
2018-11;Metz;200039865;239781480;GRTgaz;49.100843858,6.148999731
2018-11;Dijon;242100410;248934687;GRTgaz;47.306577753,5.040958764
2018-11;Montpellier;243400017;167813086;GRTgaz;43.615713457,3.863300356
2018-11;Orléans;244500468;228077729;GRTgaz;47.89783828,1.9293242830000001
2018-12;Rouen;200023414;920543830;GRTgaz;49.413131944,1.027548527
2018-12;Clermont Auvergne;246300701;315440979;GRTgaz;45.771532407,3.090485542
2019-01;Nice;200030195;337153131;GRTgaz;44.021281136,7.154480276
2019-01;Brest;242900314;247226231;GRTgaz;48.399766488,-4.470570034
2019-01;Nantes;244400404;674611289;GRTgaz;47.224910325,-1.593721407
2019-01;Orléans;244500468;348295642;GRTgaz;47.89783828,1.9293242830000001
2019-01;Lille;200093201;1588931439;GRTgaz;50.643899239,3.033354341
2019-02;Grenoble;200040715;381979187;GRTgaz;45.141957344,5.718258638
2019-02;Marseille;200054807;3412066871;GRTgaz;43.493308185,5.344536034
2019-02;Brest;242900314;210188257;GRTgaz;48.399766488,-4.470570034
2019-02;Lille;200093201;1176858424;GRTgaz;50.643899239,3.033354341
2019-02;Toulon;248300543;163750599;GRTgaz;43.120017199,6.040528518
2019-03;Metz;200039865;219268882;GRTgaz;49.100843858,6.148999731
2019-03;Grenoble;200040715;292740489;GRTgaz;45.141957344,5.718258638
2019-03;Dijon;242100410;233671022;GRTgaz;47.306577753,5.040958764
2019-03;Montpellier;243400017;153275349;GRTgaz;43.615713457,3.863300356
2019-03;Grand Nancy;245400676;370824316;GRTgaz;48.673467213,6.193510864
2019-04;Rouen;200023414;667534786;GRTgaz;49.413131944,1.027548527
2019-04;Nice;200030195;171417354;GRTgaz;44.021281136,7.154480276
2019-05;Dijon;242100410;94667931;GRTgaz;47.306577753,5.040958764
2019-05;Tours;243700754;86650646;GRTgaz;47.38424743,0.629245819
2019-05;Lille;200093201;512191042;GRTgaz;50.643899239,3.033354341
2019-05;Toulon;248300543;52123117;GRTgaz;43.120017199,6.040528518
2019-06;Nice;200030195;53622429;GRTgaz;44.021281136,7.154480276
2019-06;Dijon;242100410;32390204;GRTgaz;47.306577753,5.040958764
2019-06;Lille;200093201;289682794;GRTgaz;50.643899239,3.033354341
2019-06;Clermont Auvergne;246300701;54538301;GRTgaz;45.771532407,3.090485542
2019-07;Rouen;200023414;505827437;GRTgaz;49.413131944,1.027548527
2019-07;Grenoble;200040715;129122052;GRTgaz;45.141957344,5.718258638
2019-07;Grand Paris;200054781;692289381;GRTgaz;48.843924589,2.3981689040000003
2019-07;Euro Strasbourg;246700488;134500404;GRTgaz;48.572480043,7.717683131
2019-08; Lyon;200046977;341259193;GRTgaz;45.763270618,4.853886453
2019-08;Marseille;200054807;1812479901;GRTgaz;43.493308185,5.344536034
2019-08;Dijon;242100410;24276243;GRTgaz;47.306577753,5.040958764
2019-08;Tours;243700754;26976029;GRTgaz;47.38424743,0.629245819
2019-08;Orléans;244500468;51017305;GRTgaz;47.89783828,1.9293242830000001
2019-09; Lyon;200046977;400904786;GRTgaz;45.763270618,4.853886453
2019-09;Rennes;243500139;71965118;GRTgaz;48.108214364,-1.711435099
2019-09;Saint-Etienne;244200770;118582876;GRTgaz;45.472913756,4.418311566
2019-09;Clermont Auvergne;246300701;52049905;GRTgaz;45.771532407,3.090485542
2019-09;Toulon;248300543;26281744;GRTgaz;43.120017199,6.040528518
2019-10;Grand Paris;200054781;2391851154;GRTgaz;48.843924589,2.3981689040000003
2019-10;Dijon;242100410;93796850;GRTgaz;47.306577753,5.040958764
2019-10;Rennes;243500139;152686291;GRTgaz;48.108214364,-1.711435099
2019-10;Tours;243700754;104169726;GRTgaz;47.38424743,0.629245819
2019-10;Lille;200093201;577374871;GRTgaz;50.643899239,3.033354341
2019-10;Clermont Auvergne;246300701;124367597;GRTgaz;45.771532407,3.090485542
2019-11; Lyon;200046977;1285348958;GRTgaz;45.763270618,4.853886453
2019-11;Tours;243700754;253679340;GRTgaz;47.38424743,0.629245819
2019-11;Lille;200093201;1121556991;GRTgaz;50.643899239,3.033354341
2019-11;Toulon;248300543;135301470;GRTgaz;43.120017199,6.040528518
2019-12;Metz;200039865;286349860;GRTgaz;49.100843858,6.148999731
2019-12;Grand Paris;200054781;5849706399;GRTgaz;48.843924589,2.3981689040000003
2019-12;Marseille;200054807;3352315537;GRTgaz;43.493308185,5.344536034
2019-12;Brest;242900314;228168066;GRTgaz;48.399766488,-4.470570034
2019-12;Nantes;244400404;592052868;GRTgaz;47.224910325,-1.593721407
2019-12;Grand Nancy;245400676;413824122;GRTgaz;48.673467213,6.193510864
2020-01; Lyon;200046977;1519764140;GRTgaz;45.763270618,4.853886453
2020-02;Dijon;242100410;248674452;GRTgaz;47.306577753,5.040958764
2020-02;Montpellier;243400017;172836030;GRTgaz;43.615713457,3.863300356
2020-02;Toulon;248300543;138954157;GRTgaz;43.120017199,6.040528518
2020-03;Nice;200030195;227610794;GRTgaz;44.021281136,7.154480276
2020-03;Dijon;242100410;235629932;GRTgaz;47.306577753,5.040958764
2020-03;Montpellier;243400017;170385923;GRTgaz;43.615713457,3.863300356
2020-04;Rouen;200023414;257098144;GRTgaz;49.413131944,1.027548527
2020-04;Lille;200093201;486794868;GRTgaz;50.643899239,3.033354341
2020-04;Clermont Auvergne;246300701;101972351;GRTgaz;45.771532407,3.090485542
2020-04;Toulon;248300543;75447550;GRTgaz;43.120017199,6.040528518
2020-05;Montpellier;243400017;41592798;GRTgaz;43.615713457,3.863300356
2020-05;Tours;243700754;56929029;GRTgaz;47.38424743,0.629245819
2020-05;Nantes;244400404;145125224;GRTgaz;47.224910325,-1.593721407
2020-05;Euro Strasbourg;246700488;175500453;GRTgaz;48.572480043,7.717683131
2020-06;Grand Paris;200054781;942338468;GRTgaz;48.843924589,2.3981689040000003
2020-06;Rennes;243500139;71626695;GRTgaz;48.108214364,-1.711435099
2020-06;Lille;200093201;232867524;GRTgaz;50.643899239,3.033354341
2020-07;Tours;243700754;31622762;GRTgaz;47.38424743,0.629245819
2020-07;Grand Nancy;245400676;99267708;GRTgaz;48.673467213,6.193510864
2020-08;Nice;200030195;43731088;GRTgaz;44.021281136,7.154480276
2020-08;Grenoble;200040715;71289610;GRTgaz;45.141957344,5.718258638
2020-08;Orléans;244500468;53048516;GRTgaz;47.89783828,1.9293242830000001
2020-09;Brest;242900314;57399483;GRTgaz;48.399766488,-4.470570034
2020-09;Saint-Etienne;244200770;122274646;GRTgaz;45.472913756,4.418311566
2020-10;Marseille;200054807;2453605225;GRTgaz;43.493308185,5.344536034
2020-10;Brest;242900314;90450605;GRTgaz;48.399766488,-4.470570034
2020-10;Rennes;243500139;190095137;GRTgaz;48.108214364,-1.711435099
2020-10;Saint-Etienne;244200770;275046892;GRTgaz;45.472913756,4.418311566
2020-10;Orléans;244500468;158703582;GRTgaz;47.89783828,1.9293242830000001
2020-10;Lille;200093201;645208477;GRTgaz;50.643899239,3.033354341
2020-10;Clermont Auvergne;246300701;166261022;GRTgaz;45.771532407,3.090485542
2020-11;Nice;200030195;180981732;GRTgaz;44.021281136,7.154480276
2020-11;Montpellier;243400017;148715554;GRTgaz;43.615713457,3.863300356
2020-11;Orléans;244500468;190236136;GRTgaz;47.89783828,1.9293242830000001
2020-11;Toulon;248300543;107884042;GRTgaz;43.120017199,6.040528518
2020-12;Rouen;200023414;900814910;GRTgaz;49.413131944,1.027548527
2020-12;Nice;200030195;294566086;GRTgaz;44.021281136,7.154480276
2020-12;Grenoble;200040715;464088429;GRTgaz;45.141957344,5.718258638
2020-12;Dijon;242100410;294187204;GRTgaz;47.306577753,5.040958764
2020-12;Montpellier;243400017;242206594;GRTgaz;43.615713457,3.863300356
2020-12;Nantes;244400404;587663391;GRTgaz;47.224910325,-1.593721407
2020-12;Lille;200093201;1254685724;GRTgaz;50.643899239,3.033354341
2020-12;Clermont Auvergne;246300701;315124727;GRTgaz;45.771532407,3.090485542
2020-12;Euro Strasbourg;246700488;567028083;GRTgaz;48.572480043,7.717683131
2021-01;Grenoble;200040715;521588249;GRTgaz;45.141957344,5.718258638
2021-01;Tours;243700754;348096007;GRTgaz;47.38424743,0.629245819
2021-01;Saint-Etienne;244200770;568364838;GRTgaz;45.472913756,4.418311566
2021-01;Nantes;244400404;694354152;GRTgaz;47.224910325,-1.593721407
2021-02; Lyon;200046977;1297495160;GRTgaz;45.763270618,4.853886453
2021-02;Rennes;243500139;390743400;GRTgaz;48.108214364,-1.711435099
2021-02;Saint-Etienne;244200770;393028889;GRTgaz;45.472913756,4.418311566
2021-02;Clermont Auvergne;246300701;246163955;GRTgaz;45.771532407,3.090485542
2021-03;Rennes;243500139;362470958;GRTgaz;48.108214364,-1.711435099
2021-04;Saint-Etienne;244200770;301417658;GRTgaz;45.472913756,4.418311566
2021-04;Orléans;244500468;171775069;GRTgaz;47.89783828,1.9293242830000001
2021-05;Grand Paris;200054781;2545324569;GRTgaz;48.843924589,2.3981689040000003
2021-05;Brest;242900314;107816516;GRTgaz;48.399766488,-4.470570034
2021-05;Nantes;244400404;218384253;GRTgaz;47.224910325,-1.593721407
2021-05;Orléans;244500468;124066598;GRTgaz;47.89783828,1.9293242830000001
2021-05;Euro Strasbourg;246700488;263603269;GRTgaz;48.572480043,7.717683131
2021-06;Marseille;200054807;1623890103;GRTgaz;43.493308185,5.344536034
2021-06;Montpellier;243400017;35690771;GRTgaz;43.615713457,3.863300356
2021-06;Saint-Etienne;244200770;115217145;GRTgaz;45.472913756,4.418311566
2021-06;Euro Strasbourg;246700488;127924329;GRTgaz;48.572480043,7.717683131
2021-06;Toulon;248300543;28082189;GRTgaz;43.120017199,6.040528518
2021-07;Tours;243700754;31790828;GRTgaz;47.38424743,0.629245819
2021-07;Saint-Etienne;244200770;102714003;GRTgaz;45.472913756,4.418311566
2021-07;Grand Nancy;245400676;47231990;GRTgaz;48.673467213,6.193510864
2021-07;Clermont Auvergne;246300701;48514332;GRTgaz;45.771532407,3.090485542
2021-09;Grand Paris;200054781;829819220;GRTgaz;48.843924589,2.3981689040000003
2021-09;Marseille;200054807;1539517942;GRTgaz;43.493308185,5.344536034
2021-10;Metz;200039865;128749959;GRTgaz;49.100843858,6.148999731
2021-10;Dijon;242100410;110998821;GRTgaz;47.306577753,5.040958764
2021-10;Montpellier;243400017;63203542;GRTgaz;43.615713457,3.863300356
2021-10;Rennes;243500139;138061265;GRTgaz;48.108214364,-1.711435099
2021-10;Tours;243700754;107608722;GRTgaz;47.38424743,0.629245819
2021-10;Nantes;244400404;214502852;GRTgaz;47.224910325,-1.593721407
2021-10;Orléans;244500468;126623578;GRTgaz;47.89783828,1.9293242830000001
2021-10;Grand Nancy;245400676;170341320;GRTgaz;48.673467213,6.193510864
2021-11;Metz;200039865;261982166;GRTgaz;49.100843858,6.148999731
2021-11;Grenoble;200040715;335214383;GRTgaz;45.141957344,5.718258638
2021-11;Lille;200093201;1034264145;GRTgaz;50.643899239,3.033354341
2021-12;Rouen;200023414;697100372;GRTgaz;49.413131944,1.027548527
2021-12;Nice;200030195;288166426;GRTgaz;44.021281136,7.154480276
2021-12;Metz;200039865;285294102;GRTgaz;49.100843858,6.148999731
2021-12;Dijon;242100410;304748301;GRTgaz;47.306577753,5.040958764
2021-12;Tours;243700754;308837872;GRTgaz;47.38424743,0.629245819
2021-12;Orléans;244500468;299657657;GRTgaz;47.89783828,1.9293242830000001
2022-01; Lyon;200046977;1729840784;GRTgaz;45.763270618,4.853886453
2022-01;Nantes;244400404;676042567;GRTgaz;47.224910325,-1.593721407
2022-01;Orléans;244500468;342897551;GRTgaz;47.89783828,1.9293242830000001
2022-02;Grand Paris;200054781;5120378361;GRTgaz;48.843924589,2.3981689040000003
2022-02;Marseille;200054807;2570732301;GRTgaz;43.493308185,5.344536034
2022-02;Tours;243700754;247874549;GRTgaz;47.38424743,0.629245819
2020-11;Bordeaux;243300316;489527212;Terega;44.877773862,-0.6387755780000001
2020-09;Toulouse;243100518;104493233;Terega;43.627388307,1.413319261
2020-05;Bordeaux;243300316;159206697;Terega;44.877773862,-0.6387755780000001
2019-04;Bordeaux;243300316;368303202;Terega;44.877773862,-0.6387755780000001
2021-07;Bordeaux;243300316;85961533;Terega;44.877773862,-0.6387755780000001
2020-06;Bordeaux;243300316;133764165;Terega;44.877773862,-0.6387755780000001
2021-09;Toulouse;243100518;72302008;Terega;43.627388307,1.413319261
2021-02;Toulouse;243100518;436412724;Terega;43.627388307,1.413319261
2021-07;Toulouse;243100518;83310421;Terega;43.627388307,1.413319261
2019-12;Bordeaux;243300316;655353302;Terega;44.877773862,-0.6387755780000001
2018-04;Bordeaux;243300316;307315438;Terega;44.877773862,-0.6387755780000001
2018-06;Bordeaux;243300316;128769829;Terega;44.877773862,-0.6387755780000001
2018-08;Bordeaux;243300316;91372169;Terega;44.877773862,-0.6387755780000001
2019-03;Toulouse;243100518;411004602;Terega;43.627388307,1.413319261
2021-02;Bordeaux;243300316;511449331;Terega;44.877773862,-0.6387755780000001
2022-01;Toulouse;243100518;739087764;Terega;43.627388307,1.413319261
2019-01;Bordeaux;243300316;844662761;Terega;44.877773862,-0.6387755780000001
2019-02;Toulouse;243100518;503212621;Terega;43.627388307,1.413319261
2019-04;Toulouse;243100518;314516393;Terega;43.627388307,1.413319261
2018-01;Nantes;244400404;585977626;GRTgaz;47.224910325,-1.593721407
2018-01;Grand Nancy;245400676;408559097;GRTgaz;48.673467213,6.193510864
2018-02;Nice;200030195;305006534;GRTgaz;44.021281136,7.154480276
2018-02;Orléans;244500468;346230416;GRTgaz;47.89783828,1.9293242830000001
2018-03;Clermont Auvergne;246300701;282293149;GRTgaz;45.771532407,3.090485542
2018-04;Dijon;242100410;97031951;GRTgaz;47.306577753,5.040958764
2018-04;Brest;242900314;115270405;GRTgaz;48.399766488,-4.470570034
2018-04;Orléans;244500468;130148679;GRTgaz;47.89783828,1.9293242830000001
2018-04;Lille;200093201;571398827;GRTgaz;50.643899239,3.033354341
2018-04;Euro Strasbourg;246700488;235473459;GRTgaz;48.572480043,7.717683131
2018-05;Rouen;200023414;223644137;GRTgaz;49.413131944,1.027548527
2018-05;Montpellier;243400017;52664456;GRTgaz;43.615713457,3.863300356
2018-05;Clermont Auvergne;246300701;90627825;GRTgaz;45.771532407,3.090485542
2018-06;Marseille;200054807;1259575947;GRTgaz;43.493308185,5.344536034
2018-06;Orléans;244500468;63950349;GRTgaz;47.89783828,1.9293242830000001
2018-06;Grand Nancy;245400676;54557842;GRTgaz;48.673467213,6.193510864
2018-06;Lille;200093201;266769947;GRTgaz;50.643899239,3.033354341
2018-07;Nice;200030195;51448851;GRTgaz;44.021281136,7.154480276
2018-07;Grand Paris;200054781;658572122;GRTgaz;48.843924589,2.3981689040000003
2018-07;Brest;242900314;50273077;GRTgaz;48.399766488,-4.470570034
2018-07;Lille;200093201;229241880;GRTgaz;50.643899239,3.033354341
2018-07;Euro Strasbourg;246700488;135740552;GRTgaz;48.572480043,7.717683131
2018-08; Lyon;200046977;337241254;GRTgaz;45.763270618,4.853886453
2018-08;Dijon;242100410;23661903;GRTgaz;47.306577753,5.040958764
2018-08;Toulon;248300543;22562524;GRTgaz;43.120017199,6.040528518
2018-09; Lyon;200046977;421855377;GRTgaz;45.763270618,4.853886453
2018-09;Tours;243700754;38589080;GRTgaz;47.38424743,0.629245819
2018-09;Lille;200093201;300433467;GRTgaz;50.643899239,3.033354341
2018-09;Toulon;248300543;26078397;GRTgaz;43.120017199,6.040528518
2018-10;Rouen;200023414;603649110;GRTgaz;49.413131944,1.027548527
2018-10;Tours;243700754;104221532;GRTgaz;47.38424743,0.629245819
2018-10;Euro Strasbourg;246700488;285143396;GRTgaz;48.572480043,7.717683131
2018-11;Nice;200030195;202603117;GRTgaz;44.021281136,7.154480276
2018-11; Lyon;200046977;1216057983;GRTgaz;45.763270618,4.853886453
2018-11;Grand Paris;200054781;5116439874;GRTgaz;48.843924589,2.3981689040000003
2018-11;Euro Strasbourg;246700488;480431173;GRTgaz;48.572480043,7.717683131
2018-12;Marseille;200054807;3513936727;GRTgaz;43.493308185,5.344536034
2018-12;Brest;242900314;217853360;GRTgaz;48.399766488,-4.470570034
2018-12;Tours;243700754;300849033;GRTgaz;47.38424743,0.629245819
2019-01;Grand Paris;200054781;7172047899;GRTgaz;48.843924589,2.3981689040000003
2019-01;Grand Nancy;245400676;515193438;GRTgaz;48.673467213,6.193510864
2019-01;Clermont Auvergne;246300701;396727362;GRTgaz;45.771532407,3.090485542
2019-02;Nice;200030195;260569232;GRTgaz;44.021281136,7.154480276
2019-02;Grand Paris;200054781;5276853968;GRTgaz;48.843924589,2.3981689040000003
2019-02;Dijon;242100410;264930800;GRTgaz;47.306577753,5.040958764
2019-02;Saint-Etienne;244200770;456030061;GRTgaz;45.472913756,4.418311566
2019-02;Clermont Auvergne;246300701;264396232;GRTgaz;45.771532407,3.090485542
2019-03;Marseille;200054807;2759075907;GRTgaz;43.493308185,5.344536034
2019-03;Brest;242900314;213156671;GRTgaz;48.399766488,-4.470570034
2019-03;Orléans;244500468;233316120;GRTgaz;47.89783828,1.9293242830000001
2019-03;Lille;200093201;1068060890;GRTgaz;50.643899239,3.033354341
2019-04;Grand Paris;200054781;2890164871;GRTgaz;48.843924589,2.3981689040000003
2019-04;Marseille;200054807;2520418874;GRTgaz;43.493308185,5.344536034
2019-04;Saint-Etienne;244200770;284096576;GRTgaz;45.472913756,4.418311566
2019-04;Orléans;244500468;154821429;GRTgaz;47.89783828,1.9293242830000001
2019-05;Rouen;200023414;560435775;GRTgaz;49.413131944,1.027548527
2019-05;Metz;200039865;89042777;GRTgaz;49.100843858,6.148999731
2019-05;Grenoble;200040715;163465639;GRTgaz;45.141957344,5.718258638
2019-05;Brest;242900314;87046478;GRTgaz;48.399766488,-4.470570034
2019-05;Nantes;244400404;184316390;GRTgaz;47.224910325,-1.593721407
2019-05;Clermont Auvergne;246300701;126171703;GRTgaz;45.771532407,3.090485542
2019-06;Rouen;200023414;532646310;GRTgaz;49.413131944,1.027548527
2019-06; Lyon;200046977;367108385;GRTgaz;45.763270618,4.853886453
2019-06;Grand Paris;200054781;927198129;GRTgaz;48.843924589,2.3981689040000003
2019-06;Grand Nancy;245400676;60125626;GRTgaz;48.673467213,6.193510864
2019-06;Toulon;248300543;27957978;GRTgaz;43.120017199,6.040528518
2019-07;Rennes;243500139;55293372;GRTgaz;48.108214364,-1.711435099
2019-07;Saint-Etienne;244200770;105115130;GRTgaz;45.472913756,4.418311566
2019-08;Nice;200030195;45191258;GRTgaz;44.021281136,7.154480276
2019-08;Metz;200039865;23959288;GRTgaz;49.100843858,6.148999731
2019-08;Grenoble;200040715;119833317;GRTgaz;45.141957344,5.718258638
2019-08;Nantes;244400404;94327285;GRTgaz;47.224910325,-1.593721407
2019-08;Lille;200093201;216996697;GRTgaz;50.643899239,3.033354341
2019-08;Clermont Auvergne;246300701;39715538;GRTgaz;45.771532407,3.090485542
2019-08;Euro Strasbourg;246700488;128761949;GRTgaz;48.572480043,7.717683131
2019-09;Nice;200030195;51906601;GRTgaz;44.021281136,7.154480276
2019-09;Grenoble;200040715;131574382;GRTgaz;45.141957344,5.718258638
2019-09;Nantes;244400404;115418727;GRTgaz;47.224910325,-1.593721407
2019-10;Grenoble;200040715;174447656;GRTgaz;45.141957344,5.718258638
2019-10;Brest;242900314;85514522;GRTgaz;48.399766488,-4.470570034
2019-10;Montpellier;243400017;49844442;GRTgaz;43.615713457,3.863300356
2019-10;Grand Nancy;245400676;294347676;GRTgaz;48.673467213,6.193510864
2019-11;Rouen;200023414;727170427;GRTgaz;49.413131944,1.027548527
2019-11;Nice;200030195;217754019;GRTgaz;44.021281136,7.154480276
2019-11;Marseille;200054807;3986367986;GRTgaz;43.493308185,5.344536034
2019-11;Montpellier;243400017;183215547;GRTgaz;43.615713457,3.863300356
2019-11;Saint-Etienne;244200770;402853752;GRTgaz;45.472913756,4.418311566
2019-11;Grand Nancy;245400676;420029481;GRTgaz;48.673467213,6.193510864
2019-12;Nice;200030195;253837339;GRTgaz;44.021281136,7.154480276
2019-12;Dijon;242100410;289659869;GRTgaz;47.306577753,5.040958764
2019-12;Euro Strasbourg;246700488;558574509;GRTgaz;48.572480043,7.717683131
2019-12;Toulon;248300543;151205188;GRTgaz;43.120017199,6.040528518
2020-01;Grenoble;200040715;451083996;GRTgaz;45.141957344,5.718258638
2020-01;Dijon;242100410;314821637;GRTgaz;47.306577753,5.040958764
2020-01;Brest;242900314;236547162;GRTgaz;48.399766488,-4.470570034
2020-01;Lille;200093201;1350299361;GRTgaz;50.643899239,3.033354341
2020-02;Metz;200039865;248101806;GRTgaz;49.100843858,6.148999731
2020-02;Marseille;200054807;2972051099;GRTgaz;43.493308185,5.344536034
2020-02;Brest;242900314;218703269;GRTgaz;48.399766488,-4.470570034
2020-02;Grand Nancy;245400676;400850408;GRTgaz;48.673467213,6.193510864
2020-03;Metz;200039865;220651176;GRTgaz;49.100843858,6.148999731
2020-03;Marseille;200054807;2782888178;GRTgaz;43.493308185,5.344536034
2020-04;Dijon;242100410;81771987;GRTgaz;47.306577753,5.040958764
2020-04;Brest;242900314;94025525;GRTgaz;48.399766488,-4.470570034
2020-05;Nice;200030195;65035727;GRTgaz;44.021281136,7.154480276
2020-05;Grand Nancy;245400676;93303732;GRTgaz;48.673467213,6.193510864
2020-05;Toulon;248300543;34373600;GRTgaz;43.120017199,6.040528518
2020-06;Nice;200030195;52904552;GRTgaz;44.021281136,7.154480276
2020-06; Lyon;200046977;348287292;GRTgaz;45.763270618,4.853886453
2020-06;Dijon;242100410;33901044;GRTgaz;47.306577753,5.040958764
2020-07;Rouen;200023414;463323014;GRTgaz;49.413131944,1.027548527
2020-07; Lyon;200046977;365817936;GRTgaz;45.763270618,4.853886453
2020-07;Rennes;243500139;58804494;GRTgaz;48.108214364,-1.711435099
2020-07;Saint-Etienne;244200770;94049360;GRTgaz;45.472913756,4.418311566
2020-07;Clermont Auvergne;246300701;46220354;GRTgaz;45.771532407,3.090485542
2020-08;Dijon;242100410;23450394;GRTgaz;47.306577753,5.040958764
2020-08;Nantes;244400404;91164347;GRTgaz;47.224910325,-1.593721407
2020-08;Grand Nancy;245400676;56795157;GRTgaz;48.673467213,6.193510864
2020-08;Toulon;248300543;22484024;GRTgaz;43.120017199,6.040528518
2020-09; Lyon;200046977;420932199;GRTgaz;45.763270618,4.853886453
2020-09;Dijon;242100410;39351187;GRTgaz;47.306577753,5.040958764
2020-09;Lille;200093201;273303143;GRTgaz;50.643899239,3.033354341
2020-09;Euro Strasbourg;246700488;153762019;GRTgaz;48.572480043,7.717683131
2020-10;Grand Paris;200054781;2988099697;GRTgaz;48.843924589,2.3981689040000003
2020-10;Dijon;242100410;135398218;GRTgaz;47.306577753,5.040958764
2020-10;Montpellier;243400017;93548093;GRTgaz;43.615713457,3.863300356
2020-11;Marseille;200054807;3531863151;GRTgaz;43.493308185,5.344536034
2020-11;Rennes;243500139;288741993;GRTgaz;48.108214364,-1.711435099
2020-11;Clermont Auvergne;246300701;215929315;GRTgaz;45.771532407,3.090485542
2020-12;Brest;242900314;209540771;GRTgaz;48.399766488,-4.470570034
2020-12;Orléans;244500468;279705565;GRTgaz;47.89783828,1.9293242830000001
2020-12;Toulon;248300543;183318634;GRTgaz;43.120017199,6.040528518
2021-01;Rouen;200023414;998006145;GRTgaz;49.413131944,1.027548527
2021-01;Montpellier;243400017;280572135;GRTgaz;43.615713457,3.863300356
2021-01;Rennes;243500139;484486686;GRTgaz;48.108214364,-1.711435099
2021-01;Lille;200093201;1488683841;GRTgaz;50.643899239,3.033354341
2021-01;Euro Strasbourg;246700488;647222790;GRTgaz;48.572480043,7.717683131
2021-02;Rouen;200023414;792053131;GRTgaz;49.413131944,1.027548527
2021-02;Marseille;200054807;3148218406;GRTgaz;43.493308185,5.344536034
2021-02;Nantes;244400404;557290503;GRTgaz;47.224910325,-1.593721407
2021-02;Euro Strasbourg;246700488;509373628;GRTgaz;48.572480043,7.717683131
2021-03;Orléans;244500468;244002071;GRTgaz;47.89783828,1.9293242830000001
2021-04;Dijon;242100410;136143274;GRTgaz;47.306577753,5.040958764
2021-05;Rouen;200023414;243784770;GRTgaz;49.413131944,1.027548527
2021-05;Marseille;200054807;1831523453;GRTgaz;43.493308185,5.344536034
2021-05;Saint-Etienne;244200770;212488078;GRTgaz;45.472913756,4.418311566
2021-05;Toulon;248300543;50992315;GRTgaz;43.120017199,6.040528518
2021-06;Grenoble;200040715;116326100;GRTgaz;45.141957344,5.718258638
2021-06; Lyon;200046977;376670802;GRTgaz;45.763270618,4.853886453
2021-06;Tours;243700754;33718635;GRTgaz;47.38424743,0.629245819
2021-06;Lille;200093201;236436814;GRTgaz;50.643899239,3.033354341
2021-07;Metz;200039865;22314265;GRTgaz;49.100843858,6.148999731
2021-07;Grenoble;200040715;128346976;GRTgaz;45.141957344,5.718258638
2021-07;Grand Paris;200054781;747963109;GRTgaz;48.843924589,2.3981689040000003
2021-08;Metz;200039865;26169527;GRTgaz;49.100843858,6.148999731
2021-08;Montpellier;243400017;27380514;GRTgaz;43.615713457,3.863300356
2021-08;Clermont Auvergne;246300701;42787946;GRTgaz;45.771532407,3.090485542
2021-08;Euro Strasbourg;246700488;116348065;GRTgaz;48.572480043,7.717683131
2021-09; Lyon;200046977;400932258;GRTgaz;45.763270618,4.853886453
2021-09;Montpellier;243400017;33357455;GRTgaz;43.615713457,3.863300356
2021-09;Nantes;244400404;114294102;GRTgaz;47.224910325,-1.593721407
2021-10;Saint-Etienne;244200770;250232500;GRTgaz;45.472913756,4.418311566
2021-10;Lille;200093201;577340698;GRTgaz;50.643899239,3.033354341
2021-10;Euro Strasbourg;246700488;355416242;GRTgaz;48.572480043,7.717683131
2021-11;Rouen;200023414;527856047;GRTgaz;49.413131944,1.027548527
2021-12;Rennes;243500139;395097629;GRTgaz;48.108214364,-1.711435099
2021-12;Nantes;244400404;619943838;GRTgaz;47.224910325,-1.593721407
2021-12;Lille;200093201;1218990155;GRTgaz;50.643899239,3.033354341
2021-12;Euro Strasbourg;246700488;569464204;GRTgaz;48.572480043,7.717683131
2022-01;Rouen;200023414;916142602;GRTgaz;49.413131944,1.027548527
2022-01;Rennes;243500139;435266555;GRTgaz;48.108214364,-1.711435099
2022-01;Tours;243700754;338489397;GRTgaz;47.38424743,0.629245819
2022-01;Grand Nancy;245400676;435877551;GRTgaz;48.673467213,6.193510864
2022-01;Euro Strasbourg;246700488;627743494;GRTgaz;48.572480043,7.717683131
2022-02;Rouen;200023414;700249977;GRTgaz;49.413131944,1.027548527
2022-02;Metz;200039865;236964707;GRTgaz;49.100843858,6.148999731
2022-02;Montpellier;243400017;175506150;GRTgaz;43.615713457,3.863300356
2022-02;Rennes;243500139;333477669;GRTgaz;48.108214364,-1.711435099
2022-02;Nantes;244400404;512467493;GRTgaz;47.224910325,-1.593721407
2022-02;Lille;200093201;1036012428;GRTgaz;50.643899239,3.033354341
2022-02;Clermont Auvergne;246300701;263029892;GRTgaz;45.771532407,3.090485542
2019-09;Bordeaux;243300316;130587022;Terega;44.877773862,-0.6387755780000001
2019-08;Bordeaux;243300316;92353137;Terega;44.877773862,-0.6387755780000001
2021-11;Toulouse;243100518;504958047;Terega;43.627388307,1.413319261
2018-12;Toulouse;243100518;535276175;Terega;43.627388307,1.413319261
2021-06;Toulouse;243100518;91160999;Terega;43.627388307,1.413319261
2020-02;Bordeaux;243300316;564260064;Terega;44.877773862,-0.6387755780000001
2021-11;Bordeaux;243300316;612690611;Terega;44.877773862,-0.6387755780000001
2019-08;Toulouse;243100518;59500143;Terega;43.627388307,1.413319261
2020-07;Toulouse;243100518;82549146;Terega;43.627388307,1.413319261
2021-10;Toulouse;243100518;194997045;Terega;43.627388307,1.413319261
2020-03;Toulouse;243100518;412252934;Terega;43.627388307,1.413319261
2020-09;Bordeaux;243300316;128468532;Terega;44.877773862,-0.6387755780000001
2018-04;Toulouse;243100518;259853028;Terega;43.627388307,1.413319261
2018-05;Toulouse;243100518;202162417;Terega;43.627388307,1.413319261
2018-01;Toulouse;243100518;589610926;Terega;43.627388307,1.413319261
2018-11;Bordeaux;243300316;554368198;Terega;44.877773862,-0.6387755780000001
2019-09;Toulouse;243100518;91874724;Terega;43.627388307,1.413319261
2018-10;Bordeaux;243300316;116627095;Terega;44.877773862,-0.6387755780000001
2019-06;Bordeaux;243300316;119039149;Terega;44.877773862,-0.6387755780000001
2020-02;Toulouse;243100518;455725889;Terega;43.627388307,1.413319261
2018-09;Toulouse;243100518;87764972;Terega;43.627388307,1.413319261
2018-12;Bordeaux;243300316;641209263;Terega;44.877773862,-0.6387755780000001
2020-03;Bordeaux;243300316;513739879;Terega;44.877773862,-0.6387755780000001
2018-10;Toulouse;243100518;87764972;Terega;43.627388307,1.413319261
2019-05;Toulouse;243100518;202763748;Terega;43.627388307,1.413319261
2019-03;Bordeaux;243300316;493254831;Terega;44.877773862,-0.6387755780000001
2021-01;Bordeaux;243300316;790056522;Terega;44.877773862,-0.6387755780000001
2020-04;Bordeaux;243300316;201269766;Terega;44.877773862,-0.6387755780000001
2021-12;Toulouse;243100518;588772154;Terega;43.627388307,1.413319261
2019-10;Toulouse;243100518;150067232;Terega;43.627388307,1.413319261
2021-10;Bordeaux;243300316;261417871;Terega;44.877773862,-0.6387755780000001
2021-12;Bordeaux;243300316;696915918;Terega;44.877773862,-0.6387755780000001
2021-08;Bordeaux;243300316;87960195;Terega;44.877773862,-0.6387755780000001
2020-08;Toulouse;243100518;60601022;Terega;43.627388307,1.413319261
2018-06;Toulouse;243100518;101726750;Terega;43.627388307,1.413319261
2018-03;Toulouse;243100518;540382002;Terega;43.627388307,1.413319261
2019-10;Bordeaux;243300316;235149660;Terega;44.877773862,-0.6387755780000001
2018-08;Toulouse;243100518;58503712;Terega;43.627388307,1.413319261
2018-03;Bordeaux;243300316;644655884;Terega;44.877773862,-0.6387755780000001
2019-06;Toulouse;243100518;104469022;Terega;43.627388307,1.413319261
2022-01;Bordeaux;243300316;832604285;Terega;44.877773862,-0.6387755780000001
2018-01;Grenoble;200040715;399324809;GRTgaz;45.141957344,5.718258638
2018-01; Lyon;200046977;1435613404;GRTgaz;45.763270618,4.853886453
2018-01;Marseille;200054807;2877517159;GRTgaz;43.493308185,5.344536034
2018-01;Clermont Auvergne;246300701;295062942;GRTgaz;45.771532407,3.090485542
2018-01;Euro Strasbourg;246700488;534986889;GRTgaz;48.572480043,7.717683131
2018-01;Toulon;248300543;161027433;GRTgaz;43.120017199,6.040528518
2018-02;Tours;243700754;374493340;GRTgaz;47.38424743,0.629245819
2018-02;Grand Nancy;245400676;482541669;GRTgaz;48.673467213,6.193510864
2018-03;Metz;200039865;290682009;GRTgaz;49.100843858,6.148999731
2018-03;Saint-Etienne;244200770;450870160;GRTgaz;45.472913756,4.418311566
2018-03;Nantes;244400404;569025525;GRTgaz;47.224910325,-1.593721407
2018-04;Nice;200030195;148938618;GRTgaz;44.021281136,7.154480276
2018-04;Toulon;248300543;81972866;GRTgaz;43.120017199,6.040528518
2018-05;Grand Paris;200054781;1424321243;GRTgaz;48.843924589,2.3981689040000003
2018-05;Nantes;244400404;153618142;GRTgaz;47.224910325,-1.593721407
2018-05;Toulon;248300543;40918921;GRTgaz;43.120017199,6.040528518
2018-06;Rouen;200023414;253666708;GRTgaz;49.413131944,1.027548527
2018-06;Grand Paris;200054781;807486569;GRTgaz;48.843924589,2.3981689040000003
2018-06;Montpellier;243400017;35091016;GRTgaz;43.615713457,3.863300356
2018-06;Saint-Etienne;244200770;117182454;GRTgaz;45.472913756,4.418311566
2018-06;Euro Strasbourg;246700488;140531374;GRTgaz;48.572480043,7.717683131
2018-06;Toulon;248300543;28354641;GRTgaz;43.120017199,6.040528518
2018-07;Rouen;200023414;486370264;GRTgaz;49.413131944,1.027548527
2018-07;Dijon;242100410;25935147;GRTgaz;47.306577753,5.040958764
2018-07;Orléans;244500468;56796108;GRTgaz;47.89783828,1.9293242830000001
2018-07;Grand Nancy;245400676;50429634;GRTgaz;48.673467213,6.193510864
2018-07;Clermont Auvergne;246300701;45435941;GRTgaz;45.771532407,3.090485542
2018-08;Grenoble;200040715;94301843;GRTgaz;45.141957344,5.718258638
2018-08;Grand Paris;200054781;603502717;GRTgaz;48.843924589,2.3981689040000003
2018-08;Marseille;200054807;1590633868;GRTgaz;43.493308185,5.344536034
2018-08;Rennes;243500139;49614744;GRTgaz;48.108214364,-1.711435099
2018-08;Saint-Etienne;244200770;72589331;GRTgaz;45.472913756,4.418311566
2018-08;Orléans;244500468;52673885;GRTgaz;47.89783828,1.9293242830000001
2018-09;Rouen;200023414;467681198;GRTgaz;49.413131944,1.027548527
2018-09;Grand Paris;200054781;959045837;GRTgaz;48.843924589,2.3981689040000003
2018-10;Marseille;200054807;2821195911;GRTgaz;43.493308185,5.344536034
2018-10;Dijon;242100410;97423384;GRTgaz;47.306577753,5.040958764
2018-10;Lille;200093201;573666141;GRTgaz;50.643899239,3.033354341
2018-10;Clermont Auvergne;246300701;148420981;GRTgaz;45.771532407,3.090485542
2018-11;Grenoble;200040715;295097657;GRTgaz;45.141957344,5.718258638
2018-11;Brest;242900314;180768134;GRTgaz;48.399766488,-4.470570034
2018-11;Grand Nancy;245400676;446851801;GRTgaz;48.673467213,6.193510864
2018-11;Toulon;248300543;121156667;GRTgaz;43.120017199,6.040528518
2018-12;Orléans;244500468;261672582;GRTgaz;47.89783828,1.9293242830000001
2019-01;Montpellier;243400017;293360187;GRTgaz;43.615713457,3.863300356
2019-01;Toulon;248300543;218099797;GRTgaz;43.120017199,6.040528518
2019-02;Rennes;243500139;367374264;GRTgaz;48.108214364,-1.711435099
2019-02;Orléans;244500468;251183355;GRTgaz;47.89783828,1.9293242830000001
2019-03;Rouen;200023414;832172639;GRTgaz;49.413131944,1.027548527
2019-03;Rennes;243500139;328149315;GRTgaz;48.108214364,-1.711435099
2019-03;Saint-Etienne;244200770;389881664;GRTgaz;45.472913756,4.418311566
2019-03;Euro Strasbourg;246700488;442065635;GRTgaz;48.572480043,7.717683131
2019-04; Lyon;200046977;845065498;GRTgaz;45.763270618,4.853886453
2019-04;Tours;243700754;134214082;GRTgaz;47.38424743,0.629245819
2019-05;Nice;200030195;102073731;GRTgaz;44.021281136,7.154480276
2019-05; Lyon;200046977;678806843;GRTgaz;45.763270618,4.853886453
2019-06;Metz;200039865;29315823;GRTgaz;49.100843858,6.148999731
2019-06;Rennes;243500139;72399555;GRTgaz;48.108214364,-1.711435099
2019-06;Saint-Etienne;244200770;116195234;GRTgaz;45.472913756,4.418311566
2019-06;Nantes;244400404;113647172;GRTgaz;47.224910325,-1.593721407
2019-07;Montpellier;243400017;32120591;GRTgaz;43.615713457,3.863300356
2019-07;Tours;243700754;29873779;GRTgaz;47.38424743,0.629245819
2019-07;Grand Nancy;245400676;146532806;GRTgaz;48.673467213,6.193510864
2019-08;Grand Paris;200054781;619758965;GRTgaz;48.843924589,2.3981689040000003
2019-08;Rennes;243500139;49185811;GRTgaz;48.108214364,-1.711435099
2019-08;Grand Nancy;245400676;50844410;GRTgaz;48.673467213,6.193510864
2019-09;Grand Paris;200054781;867923676;GRTgaz;48.843924589,2.3981689040000003
2019-09;Brest;242900314;60690099;GRTgaz;48.399766488,-4.470570034
2019-09;Montpellier;243400017;33812130;GRTgaz;43.615713457,3.863300356
2019-09;Euro Strasbourg;246700488;157927245;GRTgaz;48.572480043,7.717683131
2019-10;Toulon;248300543;35867132;GRTgaz;43.120017199,6.040528518
2019-11;Clermont Auvergne;246300701;280109572;GRTgaz;45.771532407,3.090485542
2019-12;Clermont Auvergne;246300701;300232853;GRTgaz;45.771532407,3.090485542
2020-01;Marseille;200054807;3963681128;GRTgaz;43.493308185,5.344536034
2020-01;Saint-Etienne;244200770;501988805;GRTgaz;45.472913756,4.418311566
2020-01;Nantes;244400404;620675988;GRTgaz;47.224910325,-1.593721407
2020-01;Clermont Auvergne;246300701;323647243;GRTgaz;45.771532407,3.090485542
2020-02;Nice;200030195;228048719;GRTgaz;44.021281136,7.154480276
2020-02;Rennes;243500139;349036719;GRTgaz;48.108214364,-1.711435099
2020-02;Tours;243700754;245281921;GRTgaz;47.38424743,0.629245819
2020-02;Orléans;244500468;235744786;GRTgaz;47.89783828,1.9293242830000001
2020-02;Euro Strasbourg;246700488;465869269;GRTgaz;48.572480043,7.717683131
2020-03;Grenoble;200040715;309500807;GRTgaz;45.141957344,5.718258638
2020-03;Grand Paris;200054781;4774876417;GRTgaz;48.843924589,2.3981689040000003
2020-03;Brest;242900314;223717044;GRTgaz;48.399766488,-4.470570034
2020-03;Rennes;243500139;332360719;GRTgaz;48.108214364,-1.711435099
2020-03;Saint-Etienne;244200770;371217896;GRTgaz;45.472913756,4.418311566
2020-03;Orléans;244500468;224120960;GRTgaz;47.89783828,1.9293242830000001
2020-03;Euro Strasbourg;246700488;452222438;GRTgaz;48.572480043,7.717683131
2020-03;Toulon;248300543;134978792;GRTgaz;43.120017199,6.040528518
2020-04;Nantes;244400404;177630021;GRTgaz;47.224910325,-1.593721407
2020-04;Orléans;244500468;98365467;GRTgaz;47.89783828,1.9293242830000001
2020-04;Euro Strasbourg;246700488;192805100;GRTgaz;48.572480043,7.717683131
2020-05;Grenoble;200040715;117912024;GRTgaz;45.141957344,5.718258638
2020-05;Brest;242900314;73090270;GRTgaz;48.399766488,-4.470570034
2020-05;Orléans;244500468;78010919;GRTgaz;47.89783828,1.9293242830000001
2020-05;Lille;200093201;357537809;GRTgaz;50.643899239,3.033354341
2020-06;Brest;242900314;61922858;GRTgaz;48.399766488,-4.470570034
2020-06;Montpellier;243400017;35133152;GRTgaz;43.615713457,3.863300356
2020-06;Orléans;244500468;62584853;GRTgaz;47.89783828,1.9293242830000001
2020-07;Metz;200039865;28363287;GRTgaz;49.100843858,6.148999731
2020-07;Grenoble;200040715;96831368;GRTgaz;45.141957344,5.718258638
2020-07;Orléans;244500468;57447491;GRTgaz;47.89783828,1.9293242830000001
2020-07;Lille;200093201;223272924;GRTgaz;50.643899239,3.033354341
2020-07;Euro Strasbourg;246700488;114817884;GRTgaz;48.572480043,7.717683131
2020-08;Rouen;200023414;197843229;GRTgaz;49.413131944,1.027548527
2020-08;Marseille;200054807;2542604345;GRTgaz;43.493308185,5.344536034
2020-08;Montpellier;243400017;25581150;GRTgaz;43.615713457,3.863300356
2020-08;Tours;243700754;25876553;GRTgaz;47.38424743,0.629245819
2020-09;Nice;200030195;51791544;GRTgaz;44.021281136,7.154480276
2020-09;Grenoble;200040715;128108318;GRTgaz;45.141957344,5.718258638
2020-09;Grand Paris;200054781;918009642;GRTgaz;48.843924589,2.3981689040000003
2020-09;Rennes;243500139;77153682;GRTgaz;48.108214364,-1.711435099
2020-10;Rouen;200023414;655847532;GRTgaz;49.413131944,1.027548527
2020-10;Metz;200039865;140361777;GRTgaz;49.100843858,6.148999731
2020-10;Toulon;248300543;65884369;GRTgaz;43.120017199,6.040528518
2020-11;Dijon;242100410;223478616;GRTgaz;47.306577753,5.040958764
2020-11;Lille;200093201;903589231;GRTgaz;50.643899239,3.033354341
2020-11;Euro Strasbourg;246700488;447093256;GRTgaz;48.572480043,7.717683131
2020-12;Metz;200039865;295559237;GRTgaz;49.100843858,6.148999731
2020-12; Lyon;200046977;1516021974;GRTgaz;45.763270618,4.853886453
2020-12;Grand Nancy;245400676;461840313;GRTgaz;48.673467213,6.193510864
2021-01; Lyon;200046977;1833691199;GRTgaz;45.763270618,4.853886453
2021-01;Brest;242900314;237028184;GRTgaz;48.399766488,-4.470570034
2021-01;Toulon;248300543;207522507;GRTgaz;43.120017199,6.040528518
2021-02;Grenoble;200040715;327725683;GRTgaz;45.141957344,5.718258638
2021-02;Grand Paris;200054781;5543479313;GRTgaz;48.843924589,2.3981689040000003
2021-02;Dijon;242100410;250682737;GRTgaz;47.306577753,5.040958764
2021-02;Brest;242900314;226724092;GRTgaz;48.399766488,-4.470570034
2021-02;Orléans;244500468;259512521;GRTgaz;47.89783828,1.9293242830000001
2021-02;Grand Nancy;245400676;430927720;GRTgaz;48.673467213,6.193510864
2021-03;Rouen;200023414;539029317;GRTgaz;49.413131944,1.027548527
2021-03;Nice;200030195;228359278;GRTgaz;44.021281136,7.154480276
2021-03;Metz;200039865;231776762;GRTgaz;49.100843858,6.148999731
2021-03;Nantes;244400404;513351866;GRTgaz;47.224910325,-1.593721407
2021-03;Lille;200093201;1066072095;GRTgaz;50.643899239,3.033354341
2021-03;Clermont Auvergne;246300701;259335269;GRTgaz;45.771532407,3.090485542
2021-03;Toulon;248300543;143034090;GRTgaz;43.120017199,6.040528518
2021-04;Rennes;243500139;225887762;GRTgaz;48.108214364,-1.711435099
2021-04;Tours;243700754;143249922;GRTgaz;47.38424743,0.629245819
2021-04;Grand Nancy;245400676;198930285;GRTgaz;48.673467213,6.193510864
2021-04;Lille;200093201;826504953;GRTgaz;50.643899239,3.033354341
2021-04;Toulon;248300543;104872373;GRTgaz;43.120017199,6.040528518
2021-05;Rennes;243500139;147050098;GRTgaz;48.108214364,-1.711435099
2021-05;Tours;243700754;95464853;GRTgaz;47.38424743,0.629245819
2021-05;Grand Nancy;245400676;135591336;GRTgaz;48.673467213,6.193510864
2021-05;Lille;200093201;525176594;GRTgaz;50.643899239,3.033354341
2021-06;Dijon;242100410;29364961;GRTgaz;47.306577753,5.040958764
2021-06;Clermont Auvergne;246300701;51991938;GRTgaz;45.771532407,3.090485542
2021-07; Lyon;200046977;387470900;GRTgaz;45.763270618,4.853886453
2021-07;Montpellier;243400017;30364402;GRTgaz;43.615713457,3.863300356
2021-07;Rennes;243500139;57166680;GRTgaz;48.108214364,-1.711435099
2021-07;Nantes;244400404;106367574;GRTgaz;47.224910325,-1.593721407
2021-07;Orléans;244500468;59075474;GRTgaz;47.89783828,1.9293242830000001
2021-08;Dijon;242100410;26672490;GRTgaz;47.306577753,5.040958764
2021-08;Brest;242900314;55926909;GRTgaz;48.399766488,-4.470570034
2021-08;Rennes;243500139;48254249;GRTgaz;48.108214364,-1.711435099
2021-08;Nantes;244400404;105762196;GRTgaz;47.224910325,-1.593721407
2021-08;Grand Nancy;245400676;43673788;GRTgaz;48.673467213,6.193510864
2021-09;Metz;200039865;34363130;GRTgaz;49.100843858,6.148999731
2021-09;Brest;242900314;54268518;GRTgaz;48.399766488,-4.470570034
2021-09;Rennes;243500139;61447418;GRTgaz;48.108214364,-1.711435099
2021-10;Grenoble;200040715;190926867;GRTgaz;45.141957344,5.718258638
2021-10;Grand Paris;200054781;2658252441;GRTgaz;48.843924589,2.3981689040000003
2021-10;Marseille;200054807;1696947433;GRTgaz;43.493308185,5.344536034
2021-10;Brest;242900314;60636671;GRTgaz;48.399766488,-4.470570034
2021-10;Clermont Auvergne;246300701;138738023;GRTgaz;45.771532407,3.090485542
2021-11;Nice;200030195;196679012;GRTgaz;44.021281136,7.154480276
2021-11; Lyon;200046977;1292249571;GRTgaz;45.763270618,4.853886453
2021-11;Montpellier;243400017;183522363;GRTgaz;43.615713457,3.863300356
2021-11;Tours;243700754;250761763;GRTgaz;47.38424743,0.629245819
2021-12;Grand Paris;200054781;6012617946;GRTgaz;48.843924589,2.3981689040000003
2021-12;Saint-Etienne;244200770;497262099;GRTgaz;45.472913756,4.418311566
2021-12;Toulon;248300543;184418125;GRTgaz;43.120017199,6.040528518
2022-01;Marseille;200054807;3383337753;GRTgaz;43.493308185,5.344536034
2022-02; Lyon;200046977;1202658607;GRTgaz;45.763270618,4.853886453
2022-02;Orléans;244500468;238293273;GRTgaz;47.89783828,1.9293242830000001
